NCBI_Acc#,Phosphorylated residue
gi|116075932,Y314
gi|116077161,S243;Y233
gi|116076509,S5;T201
gi|116077074,S244;S248;T247
gi|116077446,S389;S396;S397
gi|116076178,T151
gi|116076186,S30
gi|116077212,T383;T385
gi|116077580,S394;S397
gi|116076101,T285
gi|116075931,S302
gi|116076686,T148
gi|116076368,T185
gi|116077301,S143
gi|116076280,S156;T142;T144;T146
gi|116076919,S181;T184;S1436;T1447
gi|116076573,S204;Y209
gi|116076143,S286
gi|116077748,S149
gi|116075996,S63;T73;T75
gi|116077764,S644;S650;T744;Y740;Y746
gi|116076869,S166
gi|116076666,T290;T296;Y287
gi|116077560,T89
gi|116077023,T35;T40
gi|116077659,T194
gi|116076789,S244
gi|116077602,S28
gi|116076348,T128;Y33;T42;S401;S412;T410
gi|116076300,T1149
gi|116077011,S702
gi|116077455,T12
gi|116077438,S229
gi|116076936,T25
gi|116076631,T318;S330
gi|116077685,S61
gi|116077014,T32
gi|116076453,T110;S120
gi|116077758,Y587;S590
gi|116077164,T605;S529;T522
gi|116076899,S80;T78
gi|116076649,S682;T677;T678
gi|116077729,S154;S175;Y140
gi|116077666,S131;T125;T135
gi|116076074,Y83
gi|116077709,S302;Y300
gi|116076534,S737
gi|116077693,Y44
gi|116077108,S140;S142
gi|116077185,S111;T110
gi|116077567,T6
gi|116077572,T160;Y159;S113;T116
gi|116076974,T343
gi|116076125,S26;S27
gi|116077548,S2083;S2085;T2086;S1709;T1706
gi|116077674,S9
gi|116075961,S25
gi|116076951,S665
gi|116076545,S49
gi|116076748,T450;T14
gi|116076189,S780;S783;S785
gi|116077565,T292
gi|116076518,T6;T22
gi|116077089,S279
gi|116077025,T111;T120;T139
gi|116077319,T114;S305
gi|116076455,T5;T18;T38
gi|116077353,T259;T267;Y264
gi|116077508,T110
gi|116077181,S118;T129
gi|116077300,S12
gi|116076430,S396;S405
gi|116077244,S224
gi|116076310,S40;S42
gi|116076566,T24
gi|116076356,S1600
gi|116077062,T542
gi|116076727,T765;T767;S786;T1119
gi|116077503,S93;S1494;T1489
gi|116076736,S483;S489
gi|116076616,S876;S738;S740;S755
gi|116077321,T196
gi|116077483,S22
gi|116076124,S317;T319;T323