GenbankID,Residue,Accesion_#
116075932,Y314,ABJ53652.1
116077161,S243;Y233,ABJ54881.1
116076509,S5,ABJ54229.1
116077074,S244;S248;T247,ABJ54794.1
116077446,S389;S396;S397,ABJ55166.1
116076178,T151,ABJ53898.1
116076186,S30,ABJ53906.1
116077212,T383;T385,ABJ54932.1
116077580,S394;S397,ABJ55300.1
116076101,T285,ABJ53821.1
116075931,S302,ABJ53651.1
116076686,T148,ABJ54406.1
116076368,T185,ABJ54088.1
116077301,S143,ABJ55021.1
116076280,S156;T142;T144;T146,ABJ54000.1
116076919,S181;T184,ABJ54639.1
116076573,S204;Y209,ABJ54293.1
116076143,S286,ABJ53863.1
116077748,S149,ABJ55468.1
116075996,S63;T73;T75,ABJ53716.1
116077764,S644;S650,ABJ55484.1
116076869,S166,ABJ54589.1
116076666,T290;T296;Y287,ABJ54386.1
116077560,T89,ABJ55280.1
116077023,T35;T40,ABJ54743.1
116077659,T194,ABJ55379.1
116076789,S244,ABJ54509.1
116077602,S28,ABJ55322.1
116076348,T128,ABJ54068.1
116076300,T1149,ABJ54020.1
116077011,S702,ABJ54731.1
116077455,T12,ABJ55175.1
116077438,S229,ABJ55158.1
116076936,T25,ABJ54656.1
116076631,T318;S330,ABJ54351.1
116077685,S61,ABJ55405.1
116077014,T32,ABJ54734.1
116076453,T110;S120,ABJ54173.1
116077758,Y587;S590,ABJ55478.1
116077164,T605,ABJ54884.1
116076899,S80;T78,ABJ54619.1
116076649,S682;T677;T678,ABJ54369.1
116077729,S154;S175;Y140,ABJ55449.1
116077666,S131;T125;T135,ABJ55386.1
116076074,Y83,ABJ53794.1
116077709,S302;Y300,ABJ55429.1
116076534,S737,ABJ54254.1
116077693,Y44,ABJ55413.1
116077108,S140;S142,ABJ54828.1
116077185,S111;T110,ABJ54905.1
116077567,T6,ABJ55287.1
116077572,T160;Y159,ABJ55292.1
116076974,T343,ABJ54694.1
116076125,S26;S27,ABJ53845.1
116077548,S2083;S2085;T2086,ABJ55268.1
116077674,S9,ABJ55394.1
116075961,S25,ABJ53681.1
116076951,S665,ABJ54671.1
116076545,S49,ABJ54265.1
116076748,T450,ABJ54468.1
116076189,S780;S783;S785,ABJ53909.1
116077565,T292,ABJ55285.1
116076518,T6;T22,ABJ54238.1
116077089,S279,ABJ54809.1
116077025,T111;T120;T139,ABJ54745.1
116077319,T114,ABJ55039.1
116076455,T5,ABJ54175.1
116077353,T259;T267;Y264,ABJ55073.1
116077508,T110,ABJ55228.1
116077181,S118;T129,ABJ54901.1
116077300,S12,ABJ55020.1
116076430,S396;S405,ABJ54150.1
116077244,S224,ABJ54964.1
116076310,S40;S42,ABJ54030.1
116076566,T24,ABJ54286.1
116076356,S1600,ABJ54076.1
116077062,S1600,ABJ54782.1
116076727,T765;T767,ABJ54447.1
116077503,S93,ABJ55223.1
116076736,S483;S489,ABJ54456.1
116076616,S876,ABJ54336.1
116077321,T196,ABJ55041.1
116077483,S22,ABJ55203.1
116076124,S317;T319;T323,ABJ53844.1
